"DisplayName","Id","GroupTypes","SecurityEnabled","MailEnabled","MembershipType","MembershipRule","Description","CreatedDateTime"
"Dynamo Design Team","00788e97-6a47-4715-9bd4-1cbe2a659cc2","Unified","False","True","Assigned",,"Dynamo Design Team","2/24/2017 3:22:33 PM"
"USDA-FS eMNEPA","00d030bf-6094-480b-b61e-a24e51751f2a","Unified","False","True","Assigned",,"Client team supporting eMNEPA","5/17/2017 8:16:28 PM"
"SG - Power BI Pro","012f39ff-58db-49c1-9028-dd94d6dcc410","","True","False","Assigned",,"SG - Power BI Pro","1/3/2025 7:48:20 PM"
"NRM","016a7114-917d-4b68-ba8e-bc8c74856d7b","Unified","False","True","Assigned",,"NRM","8/20/2019 6:07:20 PM"
"Dynamo_DMV_All","016b8eb3-701a-4fe5-a684-27ea5943771a","","False","True","Assigned",,,"1/27/2025 9:58:40 PM"
"USDA FNS DWOMS -0849 Manager","029147d7-0e8e-4139-9341-50b62c2fba43","","True","True","Assigned",,"USDA FNS DWOMS -0849 Ahad","12/13/2023 5:15:19 PM"
"SG - Microsoft 365 Visio Plan 1","02f00408-abdd-4b8c-b36c-a74af3c91a7a","","True","False","Assigned",,,"7/24/2024 3:39:28 PM"
"GSA HCaTS 8aP2 IDIQ -0025 Manager","0362c8bf-3a33-4ff7-b7db-37dacb73efe8","","True","True","Assigned",,"GSA HCaTS 8aP2 IDIQ -0025 Taneja","12/13/2023 6:14:57 PM"
"SG - Enclave GGCH Users","03c67a5e-6364-4804-9910-c9bd1ba8ce96","","True","False","Assigned",,,"6/4/2025 8:41:07 PM"
"Vick Auto-forwarding","04108f49-e45a-4bad-b681-74c340644921","","True","True","Assigned",,"Vick Auto-forwarding","7/10/2025 7:21:39 PM"
"DIA SITE III IDIQ -0070 Manager","048558e5-5441-426c-ba6c-680f99a44aac","","True","True","Assigned",,"""Solutions for the Information Technology
Enterprise III (SITE III) to the Defense Intelligence Agency (DIA) and the National
Geospatial-Intelligence Agency (NGA).""","12/12/2023 5:53:56 PM"
"Intranet","052f3e7a-970c-4a5e-a55c-3523d6089995","Unified","False","True","Assigned",,"Intranet","4/21/2020 12:53:29 PM"
"DOD DHS LE Managers","05488ded-e41a-488e-9d14-452dea5129fa","","True","True","Assigned",,"DOD DHS LE Managers","7/10/2024 7:10:42 PM"
"DnsAdmins","05f65f38-bbc1-474d-8734-bbb7a9dfeb01","","True","False","Assigned",,"DNS Administrators Group","2/4/2022 9:08:45 PM"
"OASIS SB P1 IDIQ -1042 Manager","07067a9b-fb73-492f-959e-7c4fc6fc74be","","True","True","Assigned",,"OASIS SB P1 IDIQ -1042 Plishker","12/13/2023 6:05:47 PM"
"SGWI","07233a74-7550-4c1e-8c22-c10744536aa6","Unified","False","True","Assigned",,"SGWI","1/27/2025 9:56:17 PM"
"USDA FS WSS -0006 Manager","07ea5c18-5269-404b-b9ab-22c164541288","","True","True","Assigned",,"USDA FS WSS -0006 Thompson","12/13/2023 4:12:54 PM"
"Supplier Management","09a107e6-4ca6-4424-9316-497e1873293a","Unified","False","True","Assigned",,"Supplier Management","10/26/2018 6:09:14 PM"
"Holokai","0a93fada-fe65-4c4a-b6c4-e8d033e9c04f","Unified","False","True","Assigned",,"Holokai","5/20/2025 5:40:10 PM"
"DG - Technical CoP","0ab3955a-daf3-4b98-b066-79a445110394","","False","True","Assigned",,"DG - Technical CoP","10/4/2024 7:09:55 PM"
"SG - Atari CR Allowed","0abfc229-82fe-408c-a150-f73fe6a4ad30","","True","True","Assigned",,"Security group for users that are allowed to book the Atari conference room.","8/2/2024 4:02:25 PM"
"DG - Auto-forward Allowed","0b210a7d-fb85-46a4-859f-f478c407ac7b","","False","True","Assigned",,"DG - Auto-forward Allowed","10/2/2024 3:44:35 PM"
"Modern Workplace Devices-Windows Autopatch-First","0c96a98c-ef88-458e-b5a5-73a639b49cc2","","True","False","Assigned",,"First production ring for early adopters","12/17/2024 5:55:09 PM"
"OASIS 8(a) P3 IDIQ -8303 Manager","0cff60b9-e529-4511-873f-5105a91cd50a","","True","True","Assigned",,"OASIS 8(a) P3 IDIQ -8303 Plishker","12/13/2023 5:54:47 PM"
"USCG ALC SETS -0060 Manager","0d73b8cb-ebb4-4bad-98ed-c710092691c3","","True","True","Assigned",,"USCG Aviation Logistics Center (ALC) Scientific, Engineering and Technical Services (SETS)","12/12/2023 6:29:30 PM"
"WHS PM","0ddad150-65f6-417a-96b1-8a9ee121565a","","False","True","Assigned",,,"1/27/2025 9:56:29 PM"
"HHS HSPD12 PMO AMSS -0029 Manager","0e88cd6f-d606-4607-bc42-1a10b0e3cff2","","True","True","Assigned",,"HHS HSPD-12 Program Management Office (PMO) Acquisition Management Support Services","12/12/2023 5:35:47 PM"
"SG - QMS Software Development Metrics","1068fa88-ac22-4ea6-810d-5bfed0650092","","True","False","Assigned",,"SG - QMS Software Development Metrics","1/9/2025 6:55:49 PM"
"INSCOMGroupDistro","128b7b11-a3a3-456a-8900-348e382a0385","Unified","False","True","Assigned",,"INSCOMGroupDistro","1/23/2025 11:42:36 AM"
"Account Leads","12eb06cb-9a51-4a3b-b0b1-7446aaa72d0d","","True","True","Assigned",,"Account Leads","2/5/2025 3:48:26 PM"
"DSIAS","13d06ff0-6909-4aaa-af03-c46925a80bbd","Unified","False","True","Assigned",,"This is the project team for the DoS DSIAS Project. 

Project Manager - Frank Cinotti  
","4/19/2017 2:38:39 PM"
"ABOUT Us CDATDI","1472738e-27f4-4cc5-8b43-31c193f68c73","Unified","False","True","Assigned",,"Career Development & Advancement / Technology Development & Innovation Committee","11/25/2025 5:12:13 PM"
"USDA-FS NRM","158a6a06-61cb-4a7e-93fe-7cabf95f0899","Unified","False","True","Assigned",,"Natural Resource Management Business Unit","11/1/2017 6:32:02 PM"
"Operational Activities","158a7640-88c6-4cbe-b7e5-7baf6e785de8","Unified","False","True","Assigned",,"Operational Activities","8/15/2024 4:00:45 PM"
"HHS HSPD-12 Acquisition Support","1648a38d-3626-417e-b136-b8193ad1377a","Unified","False","True","Assigned",,"HHS HSPD-12 Acquisition Support","10/25/2022 5:33:29 PM"
"Drupal","16593bc4-a5f4-4fe0-80ea-eac8711683b8","Unified","False","True","Assigned",,"Team site for Drupal knowledge sharing among project teams at Dynamo.","9/21/2023 2:06:43 PM"
"USDA FS EOS -0114 Manager","16b023a8-8ab1-48cf-84e2-ac99cc8e442a","","True","True","Assigned",,"USDA FS EOS -0114 Bishoff","12/13/2023 5:21:25 PM"
"Change Control Board","171bc586-aed9-4f79-ad9c-cea089a3c707","Unified","False","True","Assigned",,"Change Control Board","7/16/2019 4:59:55 PM"
"All Projects Distro","17bf1d48-246f-4d36-bdb0-16de39ebf9f5","Unified","False","True","Assigned",,"All Projects Distro","1/23/2025 11:30:14 AM"
"USDA FS DAITSS BPA -0008 Manager","18697521-bd34-41d2-8d9e-7be7b3d27669","","True","True","Assigned",,"USDA FS DAITSS BPA -0008 Ahad","12/13/2023 5:45:48 PM"
"Windows Autopatch - Devices All","18759d1b-cfad-4d2d-ac8f-ecf98517c9a8","","True","False","Assigned",,"All Autopatch devices","12/17/2024 5:55:09 PM"
"Corporate Certifications","18c9e3f6-7115-446b-b5c5-dc97d52871e3","Unified","False","True","Assigned",,"Working folder for corporate certifications such as ISO 27001, 9001, and CMMI-Dev 3","2/20/2018 2:37:33 PM"
"Initiatives","1966e013-ac9d-4aca-b4fa-7a8dd9689505","Unified","False","True","Assigned",,"Repository/Working Folders for Dynamo Initiatives","10/23/2019 2:24:00 PM"
"USAF NC3 A&AS -0096 Manager","19887129-5a98-457c-9ebb-25f228341410","","True","True","Assigned",,"USAF Nuclear Command, Control, Communications (NC3) Integration Directorate (NC), Air Force Nuclear Weapons Center (AFNWC), Advisory and Assistance Services (A&AS)","12/12/2023 6:20:44 PM"
"ADSyncOperators","1a1c5eba-09f6-45f9-baf8-2b1425f52ba4","","True","False","Assigned",,"ADSyncOperators","2/4/2022 9:11:24 PM"
"SG - Microsoft Power Automate Free","1b3dc9f7-77e6-45a6-bd3d-42cc17c76754","","True","False","Assigned",,"SG - Microsoft Power Automate Free","6/8/2024 3:34:23 PM"
"CFPB T&I EDA WASS -0005 Manager","1c551d76-d372-498b-b421-daffd6c1cd3d","","True","True","Assigned",,"CFPB Technology and Innovation (T&I) , Enterprise Data and Analytics Team (EDA), Web Analytics Support Services (WASS)","12/8/2023 3:41:47 PM"
"PNT SETA","1cdc82ca-41ab-4339-9247-ed9ad05edec9","Unified","False","True","Assigned",,"Cool people's","5/7/2025 7:45:15 PM"
"SG - Microsoft 365 Copilot","202be37d-4f01-4bda-9ef6-712b75279c37","","True","False","Assigned",,"SG - Microsoft 365 Copilot","5/7/2025 1:34:33 PM"
"BD PROPOSAL TEST","211d5ec3-e3e7-43c5-a35d-e07408f21c69","Unified","False","True","Assigned",,"BD PROPOSAL TEST","6/22/2020 12:36:57 PM"
"DnsAdmins","21598f23-4178-49fa-8097-a77cb977368a","","True","False","Assigned",,"DNS Administrators Group","8/16/2017 8:04:21 PM"
"USDA FNS SOFA","21742c3a-ed62-413d-8e29-5c82d96e5554","","False","True","Assigned",,"USDA FNS SOFA","4/26/2023 7:57:28 PM"
"GSA STARS III IDIQ -0636 Manager","21978fe7-6ed8-4b3a-92ea-3569d8c7660f","","True","True","Assigned",,"GSA STARS III IDIQ -0636 Taneja","12/13/2023 6:16:21 PM"
"Leadership","23da898d-517a-40b3-810a-04c3bf793c22","Unified","False","True","Assigned",,"Space for sharing of information among leadership","7/18/2018 5:41:40 PM"
"SG - Women In Technology","24cbf7cb-c995-4aaa-91a3-c447f8573a4f","","True","True","Assigned",,"Created for SharePoint Page","9/9/2024 6:54:40 PM"
"GSA OAITS MM -0009 Manager","259569de-9f34-43fe-b729-076fd6054d5e","","True","True","Assigned",,"GSA OAITS MM -0009 Manager","3/13/2025 1:38:31 PM"
"SG - Microsoft 365 E3","25fce6f2-4dff-432d-b9fc-63f1cda8efe0","","True","False","Assigned",,"Licensing group for Microsoft 365 E3","2/29/2024 7:03:09 PM"
"SG - Microsoft 365 Visio Plan 2","26050d3d-d64e-4a8e-b77f-3c58bb174fbf","","True","False","Assigned",,"Group for users that require Visio Plan 2.","6/3/2024 9:36:16 PM"
"Virginia to Hawaii","27046211-2723-453d-9ece-b695a12631a5","Unified","False","True","Assigned",,"Keeping in touch via TEAMS!","7/30/2020 9:00:36 PM"
"SG - Enterprise Reader","286ee793-c8f5-4056-aa48-ff0120d5d5f8","","True","False","Assigned",,"Global Reader permission","6/8/2024 1:31:04 AM"
"Dynamo Resource Center","2892dba5-2206-4c45-9e69-cbdf35165450","Unified","False","True","Assigned",,"Find useful information and materials relevant to Dynamo Team Members. Policies, procedures, templates, training and more can be found on this team site.","2/21/2017 2:34:36 PM"
"CBP MSD","28989635-9d96-4129-9561-71101d02c4fe","Unified","False","True","Assigned",,"CBP MSD","12/8/2023 7:51:01 PM"
"SG - Slack Users","28e02f74-91e8-4f18-966b-6778d5344a56","","True","False","Assigned",,"SG - Slack Users","12/17/2025 8:46:18 PM"
"SG - Microsoft 365 E3 Developer","28ff8ebd-a8c4-4c1c-a282-700e11fdce11","","True","False","Assigned",,"Developer license","2/4/2022 9:08:44 PM"
"USDA FNS DSS -0813 Manager","295417c0-03cc-424f-9466-464e7efadce3","","True","True","Assigned",,"USDA FNS DSS -0813","1/10/2024 10:51:31 PM"
"Dynamo Contracts Activity Status","2968df35-c091-4fc7-936d-521ea558bf22","Unified","False","True","Assigned",,"A source for verifying the status of various action items being processed by your Dynamo Contracts Team!","6/13/2025 12:19:24 PM"
"CPARS","2a30b345-fd3d-41d0-a952-809644fe97d6","","False","True","Assigned",,"CPARS","10/17/2024 8:51:48 PM"
"DOT-FRA-Grants-Management-Project","2a97a1e6-a267-4b9c-bafd-913b5ffba2c3","Unified","False","True","Assigned",,"DOT-FRA-Grants-Management-Project","4/5/2021 1:00:57 PM"
"Invoices","2af6b3b8-dced-4086-abd9-57bc7cbb8e23","Unified","False","True","Assigned",,"Invoices","5/30/2017 3:21:19 PM"
"Dhara - Project Management Taskings","2d0cf0ee-957f-4100-9c6a-6e78dee2f0be","Unified","False","True","Assigned",,"Dhara - Project Management Taskings","11/17/2023 1:44:08 PM"
"Managers","2d141f9f-3494-471b-9eca-d58638aa3915","","True","True","Assigned",,"Dynamo Managers group for distro and access","1/27/2025 9:59:05 PM"
"FPISC ICF SCS - 0208 Manager","2d599035-b895-4d7d-98ce-fcc57f414c36","","True","True","Assigned",,"FPISC ICF SCS - 0208 Manager","10/30/2025 6:11:00 PM"
"Dynamo Recruiting Distro","2d5d9a60-4287-44fd-b6f2-652c7ffc0be3","","False","True","Assigned",,,"1/27/2025 9:56:19 PM"
"DLA PEO JETS 2.0 -0021","2d9dcc3b-7adc-41ec-87ec-dd61316710ed","","True","True","Assigned",,"DLA PEO JETS 2.0 -0021","9/19/2024 6:50:33 PM"
"USSF PEX DBEs","2e7691c9-12e1-47f7-939a-13c83fbee342","Unified","False","True","Assigned",,"USSF PEX DBEs","10/12/2021 2:02:16 PM"
"EPASS 74","301668ee-a822-49eb-bd7c-8fba85e17762","Unified","False","True","Assigned",,"EPASS 74","3/12/2025 3:06:10 PM"
"USDA ARS WMD - 0332 Manager","302888a8-7dc1-4377-801d-f6c1d4f97677","","True","True","Assigned",,"USDA ARS WMD - 0332 Manager","9/9/2025 6:55:31 PM"
"Dynamo Technology Community of Interest (COI)","310f8c62-3aa6-4f0a-9efa-b9a6d09b3d0e","Unified","False","True","Assigned",,"The Dynamo Technology COI is a self-governing body of Dynamo employees who are also technology SMEs, consultants, and practitioners formed for the purpose of developing standards and processes for use across the company and for making recommendations to leadership concerning certifications, practice development, conference and event attendance, and other professional activities of benefit to both Dynamo and its employees.  Please use this forum to develop and post content, make recommendations, and propose ideas for consideration by the COI.","2/21/2017 3:52:34 PM"
"SG - Power BI Publish","33116294-0c95-4cd1-8ed2-4853a5c99e73","","True","False","Assigned",,"Allow Publish to Web permission within the Power BI Admin Portal.","12/28/2024 12:05:04 AM"
"Dynamo GSA Schedules","33b54aeb-3a47-4228-a546-9e3b7d02b70c","","False","True","Assigned",,,"1/27/2025 9:58:50 PM"
"Finance","3486eb2a-2e85-4845-9e11-16c944a204a6","Unified","False","True","Assigned",,"Finance","3/21/2019 8:24:45 PM"
"USDA FS RITS -0158 Manager","36394eae-28a0-450f-abc1-6004c7ad146f","","True","True","Assigned",,"USDA FS RITS -0158 Bishoff","12/13/2023 5:19:31 PM"
"Payroll","36704539-88e9-4298-a888-8ef1f4532cf2","Unified","False","True","Assigned",,"Payroll","7/14/2022 4:16:51 PM"
"Partnerships","3675eeef-4b85-491a-b7d5-dfc9042887d3","","False","True","Assigned",,"partnerships@dynamo.works","3/5/2024 6:36:30 PM"
"SG - All Dynamo Contractors","37305265-3a4d-49ef-be3c-1f9b84745196","DynamicMembership","True","False","Dynamic","(user.jobTitle -eq ""Contractor"")",,"8/29/2024 7:24:26 PM"
"Army PM PNT SETA -0058 Manager","3857b2f6-8aa7-4b82-b7d5-c9254f41aa1c","","True","True","Assigned",,"""United States Army Project Manager Positioning Navigation and Timing (PM PNT)
Systems Engineering and Technical Assistance (SETA) Support Services""","12/12/2023 6:14:23 PM"
"Tanzania list","3862c6a8-5bb2-45d6-a7a2-83432cf3f0b2","Unified","False","True","Assigned",,"Tanzania list","4/8/2016 6:17:22 PM"
"SG - Microsoft Purview Admin","38f9e0e0-2f3e-4ab0-981a-6446ba7ad431","","True","False","Assigned",,,"8/29/2024 8:06:48 PM"
"HHS-ATM","3ad9268f-7e5b-4083-9306-9e794a53c27f","Unified","False","True","Assigned",,"HHS-ATM","4/20/2018 4:04:47 PM"
"USDA BPA DAITSS","3be66267-495c-4100-a878-37a426cf07dd","Unified","False","True","Assigned",,"USDA BPA DAITSS","6/17/2020 4:21:05 PM"
"USSF SpOC CMR PEX -0018 Manager","3bea5dcf-df12-4399-b105-df91c04ae6ed","","True","True","Assigned",,"United State Space Force (USSF) Space Operations Command (SpOC) Combat Mission Ready (CMR) Patriot Excalibur (PEX)","12/12/2023 6:22:27 PM"
"OASIS","3c53765c-e887-460a-8b72-7c3c5da71d15","Unified","False","True","Assigned",,"OASIS Pursuits","5/1/2020 8:07:20 PM"
"USDA NRM ITSS - Contractors","3da40ff4-ddad-4f36-af17-87b1bbec7c46","","False","True","Assigned",,,"1/27/2025 9:56:26 PM"
"USAF SpOC-2 CFSCC -0003 Manager","3dd9ae2e-464d-453c-9890-068a39089ea3","","True","True","Assigned",,"USAF SpOC-2 CFSCC -0003 Manager","3/13/2025 1:46:12 PM"
"Health & Wellness","3ec27832-bdac-402e-bd5f-9410d21d07c0","Unified","False","True","Assigned",,"This space is dedicated to the ABOUT Us Health & Wellness committee, which promotes holistic wellness, offering programming that addresses physical, mental, and emotional health. Its initiatives are inclusive and accessible to all employees.","8/1/2025 6:19:13 PM"
"DOS CISO PMOSS -1571 Manager","3eefa9e7-7fee-48c3-94a7-65da1c7b3f67","","True","True","Assigned",,"DOS CISO PMOSS -1571 Amerson","12/13/2023 6:25:46 PM"
"SG - Intune Administrator","3f5a7b95-ec3f-4083-9b8f-6bd6ff62be74","","True","False","Assigned",,,"7/22/2024 2:01:18 PM"
"DOS Data Analytics Orals Team","3f9bf522-1725-4be8-886c-110c6019f19a","Unified","False","True","Assigned",,"Team Prep for 10/11/2022 Orals Presentation","10/3/2022 7:11:14 PM"
"COP - Cloud and Infrastructure","4036ae88-aad8-434a-8bad-9960b4024aa4","Unified","False","True","Assigned",,"Infrastructure-as-a-Service (IaaS), VMware and traditional phsyical hardware through operating systems.","2/23/2017 2:25:54 PM"
"Social Media-PR","415a0d4f-2988-4ac3-a67a-9e772885fd16","Unified","False","True","Assigned",,"Social Media-PR","1/16/2019 4:54:46 PM"
"Design Team","41eb72c4-7e97-42e6-b2bb-c9f610737867","Unified","False","True","Assigned",,"Design Team","3/26/2020 7:56:34 PM"
"USDA OCIO PMSS -0303 Manager","43070033-d270-4f56-b6f2-418b3ec628d1","","True","True","Assigned",,"USDA OCIO PMO -0303
USDA OCIO PMSS -0303","12/13/2023 3:22:45 PM"
"SG - SharePoint Administrator","432d624f-2809-4d82-9110-7cdd89a44a4f","","True","False","Assigned",,,"7/22/2024 1:55:44 PM"
"Dynamo Office Manager","436021a8-8ea9-42b1-92a5-0c34ff676a27","","False","True","Assigned",,,"1/27/2025 9:57:39 PM"
"USAF ACC A2 ATAS -0042","43e6a60d-f1bd-49fb-9d52-9e777e6ff6b2","","True","True","Assigned",,"USAF ACC A2 ATAS -0042","7/11/2024 4:39:20 PM"
"Dynamo DISA Encore III","46016510-e64e-4677-9736-0778b094b773","","False","True","Assigned",,,"1/27/2025 9:58:50 PM"
"HR Case","460a236a-c01d-41ba-96d9-fe8d3be5a594","Unified","False","True","Assigned",,"Collaboration for the DOS/GTM/EX/SDD project.","8/28/2020 12:04:08 PM"
"USDA FS ADAS -0176 Manager","4737ea82-2521-48a4-a74d-fc4925de9bf5","","True","True","Assigned",,"USDA FS ADAS -0176 Choi","12/13/2023 4:35:13 PM"
"SG - Legal","478c0853-b903-417c-bf2b-652dd3c26c28","","True","False","Assigned",,"Group for Legal SharePoint permissions.","5/13/2025 1:35:16 PM"
"Modern Workplace Devices-Windows Autopatch-Test","497db628-7dba-42a7-a934-09c2c54f0c66","","True","False","Assigned",,"Immediate ring for device rollout","12/17/2024 5:55:09 PM"
"LGP Management","49d0f14a-00f7-441e-9495-b97e22224a3e","Unified","False","True","Assigned",,"LGP Management","10/31/2017 2:30:18 PM"
"Technical CoE","4adb28fd-b8c9-46f5-9c58-37bf1d26c4c0","Unified","False","True","Assigned",,"A hub for all resources related to Dynamo's Technical Center of Excellence.","9/24/2024 5:42:54 PM"
"Projects","4adfb2e2-e163-4a28-b6ab-be7b17bdcd0c","Unified","False","True","Assigned",,"Projects","4/7/2017 2:23:12 AM"
"Parker Planner","4be8e369-b450-4a5e-918b-406bb352fb10","Unified","False","True","Assigned",,"Parker Planner","3/15/2024 3:25:57 PM"
"Federal Rail Road Project","4c7ce419-28cc-452f-8364-fdb52236f2ad","Unified","False","True","Assigned",,"This site will be used for team collaboration","4/4/2021 5:26:32 AM"
"AAD DC Administrators","4d6927e1-5df3-48cf-9b05-b15a23b75414","","True","False","Assigned",,"Azure AD Domain Services administrator group","5/30/2017 6:42:01 PM"
"USCG CG731 DPMSS -0005 Manager","4ddf2e1b-423b-44a9-ac7b-f9fcd618ef8d","","True","True","Assigned",,"USCG Office of Boat Forces (CG-731) Document Preparation and Modification Support Services","12/12/2023 5:39:33 PM"
"Delivery & Operations","4e708f9a-6b7c-4710-8863-ee52e47d5c07","Unified","False","True","Assigned",,"Collaboration for Operations and Delivery","1/4/2024 4:09:04 PM"
"USDA WIC DIGITAL SERVICE BPA RFI....","4e8a3709-a5d7-4e37-933c-1e71fdb09c69","Unified","False","True","Assigned",,"USDA WIC DIGITAL SERVICE BPA RFI....","1/23/2023 10:16:46 PM"
"SG - jira-accounting-members","4f17786a-b9b0-4f17-ad19-6e4e1ac225bf","","True","False","Assigned",,,"1/23/2025 6:00:53 PM"
"Pricing","4f7ae19a-9f8d-4034-838f-4b6484641c80","","True","True","Assigned",,"Pricing","9/19/2024 4:55:30 PM"
"NGB DBE-TTX PSS -3304 Manager","4ffea9f5-08d3-4f9f-b09a-933673efaad1","","True","True","Assigned",,"Chief, National Guard Bureau (NGB), Discussion Based Exercise (DBE) and Tabletop Exercise (TTX) Program Support Services (PSS)","12/12/2023 6:17:06 PM"
"Proposals","50489cd5-f9ef-4b81-a240-af8157b30567","","False","True","Assigned",,"A rule in place to forward emails coming to proposals@dynamo.works to users requested.","12/28/2022 6:16:53 PM"
"HHSTest","508a0b2a-d7f4-47dc-98a5-426a222c3048","Unified","False","True","Assigned",,"HHS Test Site","3/28/2018 3:03:45 PM"
"SG - Exchange Administrator","50e2325b-ecc3-4bf9-83a1-7cd9bd8fe7ba","","True","False","Assigned",,"Security group for Group Admins. Groups and Users admin permission. ","8/2/2024 5:29:45 PM"
"Dynamo IT Admins","50eac6a3-e8b2-4fe2-84dc-c0f58afbbfc1","","False","True","Assigned",,,"1/27/2025 9:59:10 PM"
"SG - Microsoft 365 F3","50eaf5cd-4b87-4956-8245-d2552481b3bb","","True","False","Assigned",,"Group for users that require an F3 license.","6/3/2024 9:34:51 PM"
"Internal Initiatives","516ce2f8-d96a-451c-95ec-8c77ce9a1b4d","Unified","False","True","Assigned",,"The purpose of this team is to store data related to delivery-driven internal initiatives.","3/27/2025 2:52:15 PM"
"Fed Civ Managers","517d1ef2-f45b-4b83-b5b6-1cfa378518e8","","True","True","Assigned",,"Fed Civ Managers","7/10/2024 7:13:26 PM"
"Program Management Communities of Practice","51d7bca5-ba56-40a0-a492-33d1b0ac7cbf","Unified","False","True","Assigned",,"Dynamo Communities of Practice aligned to Program Management core capabilities and solution offerings","2/24/2017 8:42:33 PM"
"USGS WMA UFDCA TO3","5249da67-9109-4787-b824-1474802f4451","Unified","False","True","Assigned",,"USGS WMA UFDCA TO3","3/4/2025 3:10:58 PM"
"USCG FOIA","52bc8a81-9467-4f01-9b12-a4944bc4c0a8","Unified","False","True","Assigned",,"USCG FOIA","9/23/2021 6:12:25 PM"
"USDA NRM","531a1ed3-e409-4182-9c3a-f197ae8ac6a8","Unified","False","True","Assigned",,"Discussions pertaining to USDA FS NRM project performance and new pursuits!","5/2/2017 7:08:19 PM"
"USCG SFLC MECPL EC -0031 Manager","53d8abe5-319e-419f-a838-0b3cd9389e3f","","True","True","Assigned",,"USCG Surface Logistics Center (SFLC) Medium Endurance Cutter Product Line (MECPL) Engineering Change (EC) Development Support Services (DSS)","12/12/2023 5:47:16 PM"
"Recruiting","564061d4-6285-4a09-8a47-e12dd28ea73c","Unified","False","True","Assigned",,"Recruiting","7/7/2020 8:26:51 PM"
"USCIS Taskings","5671aaea-88a5-4905-b3d8-5fcd9ae31b77","Unified","False","True","Assigned",,"USCIS Taskings","11/15/2023 5:09:55 PM"
"ADSyncPasswordSet","56f41e13-f408-4a8c-a595-84cc6600ebca","","True","False","Assigned",,"ADSyncPasswordSet","2/4/2022 9:11:24 PM"
"HHS ZTA PMO SS -0028 Manager","57a32b3d-b535-4b58-abe9-32669c3a77cc","","True","True","Assigned",,"HHS ZTA PMO SS -0028 Manager","3/13/2025 1:49:12 PM"
"USGS WMA SDS IDIQ -0008 Manager","57e5b30d-034a-41c5-9427-144f2680fbf6","","True","True","Assigned",,"United States Geological Survey (USGS), Water Mission Area (WMA) Software Development Services (SDS) IDIQ","12/12/2023 6:26:16 PM"
"UniversalPrint_43ce7c06-cae8-471f-9ad7-33045297eec0","582f203d-7e87-459d-ba96-7bc49444d1a1","","True","False","Assigned",,"DO NOT MODIFY! Universal Print managed security group. Please see documentation for further details.","2/12/2026 6:58:26 PM"
"Project Sharepoint","5830d23a-fc45-4e59-901c-01b5b2f6c499","Unified","False","True","Assigned",,"Project Sharepoint","4/3/2024 4:29:42 PM"
"USGS WMA TO3","589a2a6c-cfd3-4c1c-a822-8b916bce38ef","","True","True","Assigned",,"USGS WMA TO3","9/5/2024 2:50:33 PM"
"Paramaribo","593b0f66-9426-4b4f-bbeb-b23d6adaeb6b","Unified","False","True","Assigned",,"Paramaribo","5/18/2017 10:10:23 PM"
"ADSyncAdmins","59937991-41f8-4dce-b8bb-e821962a3a76","","True","False","Assigned",,"ADSyncAdmins","2/4/2022 9:11:24 PM"
"Courier Services","5a485468-2515-4a86-a855-499cd04d4b9d","","False","True","Assigned",,,"1/27/2025 9:58:41 PM"
"HRCASE Management","5ae77fc3-2fcb-4e14-b196-bed4a09b53ce","Unified","False","True","Assigned",,"HRCASE Management","10/12/2016 3:48:36 PM"
"USAF AFSC","5b0a583f-bbfe-4790-9d6a-cbc469311965","Unified","False","True","Assigned",,"USAF AFSC","12/31/2024 4:28:43 AM"
"SP - Knowledge Mgmt Page","5d333c36-23b1-48da-a633-6ba22742a9e0","","True","False","Assigned",,"SP - Knowledge Mgmt Page","9/10/2024 7:10:58 PM"
"Business Development","5dda6ca5-e62a-4314-99f6-1e3a65ec3a3e","","True","True","Assigned",,"Business Development","8/13/2024 6:56:41 PM"
"CAPE","5f47c26a-63cd-4e8f-b27e-e17d78a82fc4","Unified","False","True","Assigned",,"CAPE","6/4/2019 2:50:43 PM"
"SG - jira-admins","5f7ca62e-38b0-4a0b-b8b2-a6c65dcc5661","","True","False","Assigned",,,"1/23/2025 5:58:35 PM"
"USGS WMA UFDCA TO2 -0213 Manager","5ffaa7f7-5bd3-496e-893f-85bd92faf2f5","","True","True","Assigned",,"USGS Water Mission Area (WMA), National Water Information System (NWIS), Unified Field Data Collection Application (UFDCA) Task Order 2","12/12/2023 6:27:59 PM"
"Dynamo-AlphaOmega-DAITSS","60e530cf-a69a-4a06-ae71-c1bc5bbf0f47","","False","True","Assigned",,,"1/27/2025 9:58:49 PM"
"SG - Entra Local Admin","6109c4e8-5fa7-4358-b87b-698b110c5a91","","True","False","Assigned",,,"1/16/2025 6:28:10 PM"
"Corporate","613b7b99-8672-48b0-b1a6-6a9c7c06d7f9","Unified","False","True","Assigned",,"Corporate","3/13/2017 7:55:20 PM"
"SG - Microsoft 365 Project & Planner 3","625d2345-1bb8-48c3-9699-4634665ab819","","True","False","Assigned",,"Group for users that require Project & Planner Plan 3.","6/3/2024 9:36:35 PM"
"ISO Library","630331d8-a589-44c6-ae44-be9d39c3db96","Unified","False","True","Assigned",,"Provide latest versions of ISO documents","7/18/2018 2:27:24 PM"
"JETS2","63320918-3781-4e45-bdb8-6ae9a09119e2","","False","True","Assigned",,"JETS2","9/13/2024 4:19:50 PM"
"VSxDynamo","63d9c624-e753-41e4-a179-a4d54db44991","Unified","False","True","Assigned",,"Group for integration planning and calendar sync.","2/18/2026 5:28:35 PM"
"SG - Microsoft Power Automate Premium","63ebae85-dcd3-4797-b397-b41e4cbe17ac","","True","False","Assigned",,"SG - Microsoft Power Automate Premium","6/8/2024 3:20:13 AM"
"BD Lessons Learned","64373906-9e61-4aae-9830-302804e6c454","Unified","False","True","Assigned",,"BD Lessons Learned","8/18/2020 10:19:00 AM"
"Timesheets","64d4d190-b315-46e6-9b31-430ef3aa2f7d","","False","True","Assigned",,,"10/31/2013 6:17:31 AM"
"COP - Program and Project Management","64e32444-6485-43a9-86d2-5450ad261a9b","Unified","False","True","Assigned",,"Dynamo Program and Project Management Capability and Solution Team","2/22/2017 9:54:38 PM"
"Army PMOSE-0010 Manager","65616647-9b5f-46ee-a448-bf1d91a8ad25","","True","True","Assigned",,"Army PMOSE-0010 Manager","1/7/2025 4:26:51 PM"
"FBI CIRG NVLP -1080 Manager","65c3ca64-fe49-4f56-bf41-b1e626181708","","True","True","Assigned",,"FBI CIRG/Counter Improvised Explosive Devices (C-IEDS) Vehicle and Property Management Support Services","12/12/2023 6:28:41 PM"
"INSCOM-CDS team","668b59c7-c913-4dc1-9d1e-b47b38fc1ca9","Unified","False","True","Assigned",,"Resources pertinent to the team","3/1/2023 4:10:15 PM"
"USDA ARS ITSD WMS -0082 Manager","678ea22f-c4ef-4d42-98f6-881294696689","","True","True","Assigned",,"USDA ARS ITSD WMS -0082 Ahad","12/13/2023 5:51:11 PM"
"PEX Support","67a7e16a-051e-4e38-a520-9f3e969c5891","Unified","False","True","Assigned",,"PEX Support","4/3/2023 8:24:46 PM"
"Finance","685a936f-69ec-4750-b20d-af403b9f15dc","","True","True","Assigned",,"Finance","9/19/2024 4:53:10 PM"
"USDA FNS FBG WTMA -0001 Manager","6a7b9f08-b9ce-4abd-b876-9e2776033fea","","True","True","Assigned",,"USDA FNS FBG WTMA -0001 Ahad","12/13/2023 5:13:04 PM"
"SG - Proposal-SME","6af07959-b410-41f9-aba0-e7bc388625d5","","True","True","Assigned",,"Proposal-SME","8/19/2025 5:04:37 PM"
"Dynamo Committees","6b060ee4-9d76-4ba9-9246-482099678c67","Unified","False","True","Assigned",,"Dynamo Committees","3/2/2016 12:01:40 AM"
"FNS Websites Migration","6b084053-ec64-415a-855e-905ef6161da4","Unified","False","True","Assigned",,"All of our resources are located here. We can keep track of our tasks, work together, share knowledge, etc.","11/24/2021 7:10:29 PM"
"USDA FNS ITSS -0507 Manager","6b2feae4-0409-4c77-83c5-7eb751773926","","True","True","Assigned",,"USDA FNS ITSS -0507 Choi","12/13/2023 5:11:00 PM"
"Dynamo SBA Alliant 2","6d665a6e-4c90-49e7-96ed-3ebc47a2c9d4","","False","True","Assigned",,,"1/27/2025 9:58:50 PM"
"RCA","6d97a911-4de4-435d-aa28-b2a40f418acf","Unified","False","True","Assigned",,"RCA","3/21/2017 8:28:02 PM"
"Steven PM Role","6e080f72-3e70-45a7-a017-341802280396","Unified","False","True","Assigned",,"Steven PM Role","4/1/2021 12:49:48 PM"
"USDA Manager Account - All","6e4b2ef2-0340-4fcc-845e-b3cebfe0fa63","","True","False","Assigned",,,"2/22/2024 3:14:38 PM"
"Dept. of State DSIAS Support Services - Management","6f09ad0f-561e-4869-b04c-bad6169b6afb","Unified","False","True","Assigned",,"Management folder for DSIAS Support Services","3/13/2017 8:22:25 PM"
"USAF AFSC LG","6f52921c-d813-4cfb-a15c-10075ccc684b","Unified","False","True","Assigned",,"Incumbent capture","12/17/2024 3:07:02 PM"
"USDA FAS EAS-0644 -Manager","701b6623-b91b-47e8-be7c-a4b966375118","","True","True","Assigned",,"USDA FAS EAS-0644","9/27/2024 7:30:06 PM"
"DOS CISO Project","707b4b38-c618-4bda-a942-9d621b38c623","Unified","False","True","Assigned",,"DOS CISO Project","7/30/2020 3:34:02 PM"
"USAF FTOS2 -0103 Manager","70d95ecd-92d3-4c9d-b6a7-567157557ac5","","True","True","Assigned",,"USAF FTOS2 -0103 Manager","3/13/2025 1:45:25 PM"
"TM-Administrator","715818d4-8e3f-4c18-a5b2-ef12de07dc0b","","False","True","Assigned",,,"2/8/2022 6:58:53 PM"
"USDA FNS PMO IT -0329 Manager","71671c36-fc22-4047-81c9-4b0dee62ab2c","","True","True","Assigned",,"USDA FNS PMO IT -0329 Ahad","12/13/2023 4:38:56 PM"
"STARS2","718236a1-fea8-4bee-af74-345e2aec7bcd","","False","True","Assigned",,,"1/27/2025 9:58:50 PM"
"USDA FS WFS -0409 Manager","71b4f6ca-d8af-4ef2-87d8-6acef33b91e7","","True","True","Assigned",,"USDA FS WFS -0409 Ahad","12/13/2023 4:31:32 PM"
"SG - All Dynamo Users","726f22c7-8d0b-4820-9047-7c3e0db058ed","DynamicMembership","True","False","Dynamic","(user.companyName -eq ""Dynamo Technologies"") or (user.userType -eq ""Member"")",,"8/29/2024 7:18:54 PM"
"NOAA NMITS BPA -0064C Manager","72db43ef-60de-494f-b33c-5b7e2b85ecc9","","True","True","Assigned",,"NOAA NMITS BPA -0064 Taneja","12/13/2023 6:08:03 PM"
"DnsUpdateProxy","741857b2-0c8a-4eca-a0fb-2824ddbfcbb0","","True","False","Assigned",,"DNS clients who are permitted to perform dynamic updates on behalf of some other clients (such as DHCP servers).","8/16/2017 8:04:21 PM"
"NRM ITSS (12318718F0254)","75f71b48-b252-43fa-aac7-b2f86d0f047a","Unified","False","True","Assigned",,"NRM ITSS Project","5/28/2019 5:02:41 PM"
"DOD NGA CLOVER IDIQ -0009 Manager","762c8cd9-c55e-425f-9ded-b0a4dc7062cb","","True","True","Assigned",,"National Geospatial-Intelligence Agency (NGA) CLOVER, Total Lifecycle Acquisition Management, Strategic Financial Management, and Strategic Business Management Support Serivces","12/12/2023 5:52:59 PM"
"SG - jira-it-members","76bb1583-d0e8-4d3e-bc91-ce1114b84d88","","True","False","Assigned",,,"1/23/2025 6:06:03 PM"
"WFS Development","76dc473e-8b0c-42a6-ad94-f9523221801f","Unified","False","True","Assigned",,"Channel for AOI<->Dynamo discussions.","3/7/2025 4:12:53 PM"
"ISO Leadership","770c5942-7be3-425b-b309-857f255dc236","Unified","False","True","Assigned",,"ISO related items for Leadership Eyes only","8/14/2018 1:19:43 PM"
"TM Department Meetings","77c097cd-d64e-4b27-8cde-aa4554b01215","Unified","False","True","Assigned",,"TM Department Meetings","2/5/2025 3:04:42 PM"
"USDA FS eMNEPA -0090 Manager","785490b8-2d77-4ebb-b3b9-8275bd0be353","","True","True","Assigned",,"USDA FS eMNEPA -0090 Bishoff","12/13/2023 5:40:40 PM"
"USAF AFMC EPASS67 -0001 Manager","7938c5de-d082-4315-a69d-8ca8c071ad95","","True","True","Assigned",,"Headquarters Air Force Materiel Command, Engineering, Professional and Administrative Support Services","12/12/2023 6:19:10 PM"
"SG - Microsoft Fabric Free","7964c4f9-bc63-4dce-bf8f-03a2ef428851","","True","False","Assigned",,,"6/20/2024 6:28:57 PM"
"DMV Dynamo Team Only","7bf33a10-ddae-469a-a396-75749f6f0a7e","","False","True","Assigned",,"Happy hour evite invitation from Dynamo Technologies","4/28/2023 3:20:44 PM"
"Dynamo Intranet","7caffa0c-5354-4873-9f7b-c340d3e3c5fa","Unified","True","True","Assigned",,"For Sharepoint","2/18/2020 4:17:17 PM"
"2025 TM & Recruiting Goals","7d04add7-81b8-4fb2-afa8-4cf44ebeb67e","Unified","False","True","Assigned",,"2025 TM & Recruiting Goals","9/2/2025 7:22:20 PM"
"Mark's Sandbox/POC site","7dc8f8ba-e0a5-42d1-b17b-375cbdb83781","Unified","False","True","Assigned",,"Site for Mark to create proofs and test SharePoint Capabilities","7/25/2024 7:28:01 PM"
"USDA Ninjas","7f3afcd7-5b39-46ea-a4ae-78b0c0f4e481","Unified","False","True","Assigned",,"USDA Ninjas","5/10/2018 2:51:31 PM"
"Building Access","7f4654e2-bfc7-493b-9f86-672dbe75aaa4","","False","True","Assigned",,"Danielle Ticket IT-1092","9/26/2024 5:50:00 PM"
"USDA FS CIO Web Services Support (WSS)","7fb5f362-d19f-404c-ae99-677a4cf56d2c","Unified","False","True","Assigned",,"Manage tasks, share documents, conduct project meetings and document risks and decisions with this template for general project management.","2/16/2021 7:12:09 PM"
"FPISC ICF WDS -6251 Manager","801772bf-27d6-47cf-8d02-ec21860dca02","","True","True","Assigned",,"FPISC ICF WDS -6251 Manager","2/27/2024 3:25:25 PM"
"USCG ALC SETS -0039 Manager","8152a591-23d7-41f4-a927-511317166779","","True","True","Assigned",,"USCG ALC SETS -0039 Manager","10/22/2025 8:04:35 PM"
"DHS ICE SEVP POSS -0019 Manager","82a08992-a686-4526-ad24-c91c3900eb4c","","True","True","Assigned",,"DHS ICE SEVP POSS -0019","4/11/2024 3:56:36 PM"
"Master Tracker","82e13757-7cff-46f2-a3cf-d5d7aed11b08","Unified","False","True","Assigned",,"Master Tracker","12/15/2021 5:43:49 PM"
"SG - Perplexity Users","83d1f3f2-0bdf-44ca-8a29-6ce556dd8ac2","","True","True","Assigned",,"Security Group for Perplexity users.","4/1/2025 2:54:05 PM"
"Department Notification","8472d680-f121-437a-976f-7d2bd3eb45a5","","False","True","Assigned",,"New hires and departures department notifications distro group.","11/17/2023 8:45:37 PM"
"SG - Intune Autopilot Devices","84bd527f-98d2-475d-800b-398b716daf8d","DynamicMembership","True","False","Dynamic","(device.devicePhysicalIDs -any (_ -startsWith ""[ZTDid]""))","Group for devices registered during Autopilot process. ","7/25/2024 7:45:12 PM"
"USDA FNS FBG IWT -0001 Manager","8549ab16-bb43-4ec9-b9bd-7e366b17b16d","","True","True","Assigned",,"USDA FNS Operations, Maintenance, and Enhancements Food Buying Guide (FBG) Interactive Web Tool and FBG Mobile App","12/8/2023 3:19:37 PM"
"DHS CBP MSD -1086 Manager","855a86dc-57a1-4b0d-9b39-bc5a4488e835","","True","True","Assigned",,"""Department of Homeland Security (DHS) U.S. Customs and Border Protection (CBP) Mission Support Directorate (MSD) Strategic Business Solutions, Common Operating
Picture, and IT Strategy""","12/12/2023 5:51:08 PM"
"Accounting","8594215b-8174-4092-8d67-0b33f7e311b1","Unified","False","True","Assigned",,"Accounting","7/28/2020 2:36:38 PM"
"USDA FS ADAS","8606cf8e-5b12-40d7-92fa-2d28c389dd9f","Unified","False","True","Assigned",,"Team collaboration site for the USDA FS Application Development Application Services (ADAS) Support Services contract","10/5/2023 1:32:33 PM"
"DLA PIEE PMO Dynamo Team","867e1250-9391-4a36-8942-bb2563351799","Unified","False","True","Assigned",,"We now have six team members supporting the DLA PIEE PMO within Dynamo. I?ve created this team space to provide a convenient way for you to communicate with one another as needed. Participation is optional, but it may serve as a useful resource for collaboration.","12/3/2025 5:58:55 PM"
"USSF PEX Support","870abe88-d4f3-4a0d-aaa3-d7e4582b6fb6","Unified","False","True","Assigned",,"USSF PEX Support","8/27/2021 8:12:00 PM"
"USDA FS PPS SS -0011 Manager","87ca1d68-43ca-4b12-949c-154ee2c94bc0","","True","True","Assigned",,"USDA FS PPS SS -0011 Ahad","12/13/2023 5:44:09 PM"
"Infrastructure Support and Modernization","88209374-f362-4ace-b09a-2bb2cde33860","Unified","False","True","Assigned",,"Dynamo Infrastructure Support and Modernization Capability and Solution Team","3/31/2017 2:52:09 PM"
"SG - Account Managers","88543fd9-81ac-48d4-9914-043f1467be44","","True","True","Assigned",,"group for account managers access/permissions","6/21/2024 7:09:01 PM"
"Test Project Plan","89abf1de-2859-439d-8e06-96ee52e2c8bc","Unified","False","True","Assigned",,"Test Project Plan","3/2/2024 3:40:57 PM"
"DOS PESS IDIQ -0123 Manager","8b24dd7f-7662-453d-b062-8d0d70dfbcea","","True","True","Assigned",,"DOS PESS IDIQ -0123 Taneja","12/13/2023 6:19:23 PM"
"Business Development - Archive DO NOT USE","8b58cb38-5d35-4fb2-812d-ee9e6ded0bb3","Unified","False","True","Assigned",,"Business Development","1/20/2017 8:44:24 PM"
"HR CASE","8b74454e-9145-44cb-aece-b28a9bb01c7c","Unified","False","True","Assigned",,"HR CASE","7/28/2020 4:09:44 PM"
"SG - jira-recruiting-members","8c2d9aef-9cdb-4b95-b147-f15bfd33ff8e","","True","False","Assigned",,,"1/23/2025 6:05:03 PM"
"SG - CA MFA Exempt","8d17bc0f-3015-49b1-809d-eb8dfbaa1d9f","","True","False","Assigned",,"For accounts that can't have MFA enabled.","12/16/2024 7:59:35 PM"
"Evergreen Team","8d652784-5579-40c2-b85f-5ecee2ca5d46","Unified","False","True","Assigned",,"All evergreen team members","10/4/2018 6:16:22 PM"
"_Rodney","8d95bc15-19bd-4500-bd95-596ea5ccda11","Unified","False","True","Assigned",,"_Rodney","1/29/2024 8:40:09 PM"
"AFLCMC EPASS74 -B005 Manager","8dce2c2c-cd06-4b33-bad2-2dfb866ee1b9","","True","True","Assigned",,"AFLCMC EPASS74 -B005 Manager","12/18/2024 3:24:58 PM"
"Technology","8e1b50d3-ba70-47f3-9ede-67fa67b52505","Unified","False","True","Assigned",,"Technology","7/25/2024 12:17:15 AM"
"Evergreen IT Admins","8ef0da98-9c8b-4491-8b85-c1106c363a29","","False","True","Assigned",,,"1/27/2025 9:56:14 PM"
"SG - Enterprise G","8f1a0dd3-a844-49ac-8622-d939f47ea55c","","True","False","Assigned",,"Global admin","6/8/2024 1:32:09 AM"
"CFPB T&I BI ASS -0003 Manager","8f33db54-01dc-4eef-9039-6e73888df1fa","","True","True","Assigned",,"Consumer Financial Protection Bureau (CFPB) Business Intelligence (BI) Analyst Support Services (ASS)","12/8/2023 3:40:41 PM"
"Expense Reports","8f6422fc-13b5-4b11-8724-9314941b03ae","","False","True","Assigned",,,"10/31/2013 6:17:32 AM"
"Direct Marketing","8f87041d-bd26-4ca4-a36b-1f072007abca","Unified","False","True","Assigned",,"Direct Marketing","5/17/2021 5:04:36 PM"
"Contracts","8facdb07-3b5f-4f27-81a7-82e0049b2533","Unified","False","True","Assigned",,"Contract Documentation Repository","6/19/2017 2:41:48 PM"
"SG - Microsoft 365 Audio Conferencing","8fcef313-2335-4ce3-af6f-a8bd1a4c2f87","","True","False","Assigned",,"Licensing group for audio conferencing.","6/3/2024 6:45:02 PM"
"Temp CDS Archive","904c104e-de9a-48b8-aadd-df7ba54b404d","Unified","False","True","Assigned",,"temporary holding space for file that are too long. Don't set it to sync.","6/3/2022 1:08:25 PM"
"SG - IT Test Group","919ad65d-faa2-40fe-9ad3-0bf160908ac0","","True","False","Assigned",,"Danny's group for testing IT things.","7/27/2024 2:37:57 PM"
"Dynamo Women","9236a514-8aea-454e-8afb-12c6e4e47ee9","","False","True","Assigned",,"Dynamo Women","12/22/2023 4:25:35 PM"
"SG - jira-contracts-members","9278b549-8f5c-4e83-8b74-704446af63f8","","True","False","Assigned",,"SG - jira-contracts-members","4/21/2025 1:23:12 PM"
"DHS USCIS FMPSS -0012 Manager","927edf81-c851-46b5-b911-dc31da356ff1","","True","True","Assigned",,"Department of Homeland Security (DHS) U.S. Citizenship and Immigration Services (USCIS), Office of the Chief Financial Officer (OCFO), Financial Management Policy Support Services (FMPSS)","12/12/2023 5:48:10 PM"
"Special Projects - FNS/ARS/Permitting Council","928551c2-e223-4326-aa5c-34d679ea1963","Unified","False","True","Assigned",,"Special Projects - FNS/ARS/Permitting Council","11/14/2024 7:48:19 PM"
"USCG OPTEVFOR OTEM -0001 Manager","935c382f-cbbe-499b-8b1d-6a0d435a2472","","True","True","Assigned",,"USCG Contractor Support Services for Commander, Operational Test and Evaluation Force (COMOPTEVFOR), Operational Test and Evaluation Management and Acquisition Support","12/12/2023 5:42:07 PM"
"Automated Threat Prioritization","938c64b0-2878-43a9-a842-fed14f9c4e9a","Unified","False","True","Assigned",,"Documents for ATP solution","12/19/2017 11:37:01 AM"
"Security - Cleared Personnel and Contractors","93dc8563-690b-4e3b-9420-b5999cfa306d","","False","True","Assigned",,,"12/29/2016 5:27:49 PM"
"Operations Department Leads","9455b2b6-f80c-4146-8f3c-c5d26eb4d7da","","True","True","Assigned",,"Operations Department Leads","7/10/2025 1:05:49 PM"
"CMMI 3.0","94a698ca-11c5-4d26-83a7-761c02085948","Unified","False","True","Assigned",,"CMMI 3.0","10/18/2018 6:03:56 PM"
"Biometrics PMOSE","94a6ed54-b672-4c21-a27f-ddbde6343fda","","True","True","Assigned",,"PMOSE","12/5/2024 5:13:59 PM"
"SG - Microsoft 365 Exchange Online","952de9a9-a28f-4387-8fff-02812e9c9698","","True","False","Assigned",,"Group for users that require an exchange online license.","5/31/2024 9:36:27 PM"
"Emerging Technology","9640d3b1-2184-4db0-9961-fe53ca2f9304","Unified","False","True","Assigned",,"Compilation of Data, Opportunities, and Tasks for ET team at Dynamo.","9/25/2018 3:28:04 PM"
"USGS WMA UFDCA TO3 -0179 Manager","96e0e931-12cb-48f0-9148-c5159332f5d3","","True","True","Assigned",,"USGS WMA UFDCA TO3 -0179 Manager","12/3/2024 4:57:41 PM"
"OASIS +","974a26a5-0967-4688-931e-658a3bc2986b","Unified","False","True","Assigned",,"OASIS + Proposal Site","5/18/2023 9:35:03 PM"
"COP - Applications and Development","983c3ba6-5887-4e32-bb27-60897bd9ebc1","Unified","False","True","Assigned",,"Community of Practice for applications and software development. Includes Software-as-a-Service (SaaS) and Platform-as-a-Service (PaaS)","5/8/2017 3:00:54 PM"
"USCG C5ISC C2PL -0010 Manager","98652c3f-df16-40a4-9e65-e76a8df17f61","","True","True","Assigned",,"Command, Control, and Navigation Product Line (C2PL), Engineering and Sustainment Support Services for the U.S. Coast Guard's (USCG) Command, Control, Communications, Computers, Cyber and Intelligence Service Center (C5ISC)","12/12/2023 5:43:05 PM"
"Cloud Adoption & Solution Engineering","98ab271e-8b4b-4d2e-8421-9c2d3e67c0bb","Unified","False","True","Assigned",,"Cloud Adoption & Solution Engineering","7/25/2024 2:26:02 AM"
"DOS Paramaribo HW -3595 Manager","98d5d62a-7b9a-4700-b101-7ccc8e9bc31d","","True","True","Assigned",,"DOS Paramaribo HW -3595 Amerson","12/13/2023 6:22:37 PM"
"Invoices","9947dad8-d710-4ccb-a0d2-871bb6ab1ff1","","False","True","Assigned",,,"4/1/2014 2:15:50 AM"
"myLGP Email","994eadb3-8ec8-49a3-a523-fa25534af803","Unified","False","True","Assigned",,"myLGP Email Group","4/3/2018 8:16:27 PM"
"Tasks","99ec38ab-4b5d-4e26-be9d-ef16e3018be1","Unified","False","True","Assigned",,"Tasks","7/2/2024 3:00:58 PM"
"DoD Account Leads","9a8768fd-5393-4c41-9d44-7c0f83f7aa52","","True","True","Assigned",,"DoD Account Leads","2/27/2025 5:23:06 PM"
"NCUA TO8","9a92a0b8-99d2-4f0c-867e-7001596cdc65","Unified","False","True","Assigned",,"NCUA TO8","5/17/2020 10:11:16 PM"
"SG - jira-leadership-members","9af1efe7-f067-4b35-b961-fa0b9a36ba84","","True","False","Assigned",,,"1/23/2025 6:07:58 PM"
"SG - 1Password Users","9b52a2a8-1b89-4542-8112-22ab796ed503","","True","True","Assigned",,"Mail enabled security group for 1Password users","3/27/2025 5:46:48 PM"
"SNAP-Ed Project","9c714e1f-a4a4-41b4-91ff-527536d50828","Unified","False","True","Assigned",,"Manage tasks, share documents, conduct project meetings and document risks and decisions with this template for general project management.","8/15/2023 12:19:09 PM"
"CIO-SP4","9cb6dbdb-bb53-49b5-a814-62eebdea939a","","False","True","Assigned",,,"6/2/2021 1:15:57 PM"
"GSA OAITS PPMS - 0006 Manager","9f73102d-9b7a-4bce-888b-0b0c3bf26568","","True","True","Assigned",,"GSA OAITS PPMS - 0006 Manager","3/13/2025 1:40:23 PM"
"Contracts Team Initiatives 2025","9f732d3a-516d-42d1-b40b-386deedfc788","Unified","False","True","Assigned",,"Contracts Team Initiatives 2025","8/28/2025 7:25:24 PM"
"CFPB DASS BPA -0019 Manager","a17bd4f3-7515-4d43-b33c-4a4c8026678f","","True","True","Assigned",,"Consumer Financial Protection Bureau (CFPB) Data Analytics Support Services (DASS) BPA","12/8/2023 3:27:03 PM"
"TMAdminEmails","a17dbcd7-e3e1-422a-ab4e-eb7ee202e605","","False","True","Assigned",,,"1/27/2025 9:56:18 PM"
"Data Analytics and Management","a28ad813-a1f8-4af8-8e0b-acd75f60a8ea","Unified","False","True","Assigned",,"Dynamo Data Analytics and Management Capability and Solution Team","3/31/2017 2:32:49 PM"
"Dynamo DOJ ITSS 5","a389dfdd-14c5-4f64-b656-ca364eb9ea83","","False","True","Assigned",,,"1/27/2025 9:58:50 PM"
"DG OPSPRO","a433664c-67ac-4a81-a72f-e1349a86139f","","False","True","Assigned",,"DG External Users -OPSPRO","7/30/2022 1:22:45 PM"
"Protects","a43fff79-76dc-474b-a9e2-f822f68d117d","","False","True","Assigned",,"partner ECS","5/29/2025 8:21:31 PM"
"CMMC","a620feda-0441-43ef-9a7d-30944ac12585","Unified","False","True","Assigned",,"CMMC","10/28/2024 1:58:10 PM"
"USDA FNS SNAP -0403 Manager","a64610d3-be50-400f-aff1-6c40fafe01ce","","True","True","Assigned",,"USDA FNS SNAP -0403 Deutscher","12/13/2023 4:37:29 PM"
"SG - Microsoft Power Apps for Dev-Free","a699da56-55be-42ae-90b2-f7a1a09eb1fd","","True","False","Assigned",,,"8/7/2024 1:50:49 PM"
"UniversalPrint_6bb2cfb1-9478-4a65-ba48-ce2ba8314b5c","a6cb9592-7b60-40d9-8148-588c553ece19","","True","False","Assigned",,"DO NOT MODIFY! Universal Print managed security group. Please see documentation for further details.","2/12/2026 7:05:33 PM"
"Lattice Reviewers","a6e00b49-c420-41b1-b9eb-04f0e67ce727","","False","True","Assigned",,"Lattice Reviewers","3/24/2023 5:37:57 PM"
"SG - External Sharing Allowed","a77c8abf-5cd9-4b60-b6b7-104c742c420a","","True","False","Assigned",,"Allows users in group to share files externally","2/20/2025 3:39:38 PM"
"USDA - EOS","a91aee80-705b-4d8b-bf30-f3747a03d426","Unified","False","True","Assigned",,"Collaboration site for Enterprise Operations Services","8/13/2020 4:07:15 PM"
"NGB BTO CPISS -2502 Manager","a9577d2e-8759-4577-a5c3-21f91be3b03c","","True","True","Assigned",,"Army National Guard Business Transformation Office (BTO) Continuous Process Improvement Support Services (CPISS)","12/12/2023 6:15:19 PM"
"Delivery Managers","a9915fe3-ceef-48a5-9a91-3e124235ad97","","True","True","Assigned",,"Delivery Managers","2/5/2025 4:12:34 PM"
"Biometrics PMOSE","aaf31d1a-c444-40f4-a357-19df41047e9e","Unified","False","True","Assigned",,"Biometrics","12/23/2024 8:22:58 PM"
"CDS-JV","adce869a-c557-4e93-9d43-7e4cab5c768b","","False","True","Assigned",,,"1/27/2025 9:58:49 PM"
"USAF CAE A&AS-0004 Manager","ae70857d-6c6d-4e84-b142-68be20decc0e","","True","True","Assigned",,"USAF CAE A&AS-0004 Manager","1/7/2025 4:32:48 PM"
"Dynamo Executive Team","af036eab-9a38-48e4-8871-0176b0697816","","True","True","Assigned",,,"5/15/2013 2:25:18 PM"
"Modern Workplace Devices-Windows Autopatch-Fast","afc6a79a-9569-4055-b471-bf0d1e1cfd85","","True","False","Assigned",,"Fast ring for quick rollout and adoption","12/17/2024 5:55:09 PM"
"USDA iNAP -0439 Manager","afd3ab2c-6d36-475e-9194-6997b0ed0eb6","","True","True","Assigned",,"USDA iNAP -0439 Ahad","12/13/2023 4:10:50 PM"
"Timesheet Approvers","b048c9ee-31a5-4800-bac2-10199dec3b61","","False","True","Assigned",,"Timesheet Approvers","3/24/2023 5:49:00 PM"
"myLGP Sharepoint","b0771eb4-7d28-4e53-830f-ec7a0ea7739a","Unified","False","True","Assigned",,"The U.S. State Department has over 285 embassies and consulates that are physically protected by local guards in the Local Guard Program (LGP). Regional Security Officers (RSOs) are responsible for overseeing LGP, among managing other security programs for the embassies and consulates. As a contractor, Dynamo is supporting LGP by designing, streamlining, and delivering a centralized tool for the RSOs OCONUS. The tool developed for RSOs consists of three modules: a training module, a vetting module, and a scheduling module. This site is designed to house, organize, and share documents among Dynamo team members engaged in the LGP contract.","9/20/2017 2:42:40 PM"
"Development","b101fd6e-8848-425c-91d9-b2a1cfe9dce3","Unified","False","True","Assigned",,"Development","7/25/2024 12:17:15 AM"
"CFPB OCR RDMT DSS -0099 Manager","b19242b6-8469-4579-b54c-198ece86646e","","True","True","Assigned",,"Consumer Financial Protection Bureau (CFPB) Office of Consumer Response (OCR), Reporting and Data Management Team (RDMT), Data Support Services (DSS)","12/12/2023 5:33:04 PM"
"DHA OMNIBUS IV IDIQ -0015 Manager","b239ce76-9f93-43da-8403-dd28d8494b7d","","True","True","Assigned",,"DHA OMNIBUS IV IDIQ","12/12/2023 5:34:50 PM"
"IT70","b23e7ddb-3653-4794-9096-0a1b955c80eb","","False","True","Assigned",,,"1/27/2025 9:59:12 PM"
"Proposal Pricing","b271b5d3-0e48-47d1-a4d2-223ec974fabd","Unified","False","True","Assigned",,"Proposal Pricing Documentation for Proposals","1/25/2018 6:12:24 PM"
"NCUA","b305be9d-680a-400e-9f18-034736ec9f18","Unified","False","True","Assigned",,"NCUA ETM PMO Support","6/6/2016 12:51:54 PM"
"Contracts Test","b3e7019c-c62b-4ad1-a8c8-a9af32fd3a49","Unified","False","True","Assigned",,"Contracts Test","5/20/2020 6:23:30 PM"
"Dynamo Navy PASS-SB","b4aec319-e339-4001-80f2-6d5065d258e7","","False","True","Assigned",,,"1/27/2025 9:58:50 PM"
"USGS WMA UFDCA TO1 -0199 Manager","b53ec12a-9bfb-45b8-ba47-ce5ac57eb221","","True","True","Assigned",,"USGS Water Mission Area (WMA), National Water Information System (NWIS), Unified Field Data Collection Application (UFDCA) Task Order 1","12/12/2023 6:26:58 PM"
"BD Events","b54fe09b-41df-4cd7-827c-519670b807d4","Unified","False","True","Assigned",,"BD Events","1/17/2018 5:24:18 PM"
"BLN24-Dynamo","b695f8a5-9e16-4a61-8c2c-d8754cf9d737","Unified","False","True","Assigned",,"BLN24-Dynamo","1/9/2025 3:27:51 PM"
"Proposal Archive","b6e138da-26be-49f2-893f-c6906c517d5f","Unified","False","True","Assigned",,"Repository for Archived Proposals","8/20/2019 1:51:02 PM"
"USDA Stratus","b789cc3f-e677-48b9-b6c7-e2e220815bef","","False","True","Assigned",,"USDA Stratus","4/30/2024 2:42:08 PM"
"SSPRSecurityGroupUsers","b7a25c8f-dfc2-4400-a2c0-9c77f3e0383e","","True","False","Assigned",,"SSPRSecurityGroupUsers","1/27/2025 9:55:53 PM"
"DOS AF-RPS PKO PMSS -0062 Manager","b9911f7f-2196-4f19-addb-5835754c2e6e","","True","True","Assigned",,"DOS AF-RPS PKO PMSS -0062 Amerson","12/13/2023 6:28:28 PM"
"HHS  AFR Documentation Process","b9c97170-1ff9-4167-8778-2ee4bc1e0c2b","Unified","False","True","Assigned",,"HHS  TO 25 AFR Documentation Process","3/28/2018 3:12:00 PM"
"Dynamo Travel Compliance & Tracking","b9cc3285-a47c-4716-a07f-0de4eb334ee8","Unified","False","True","Assigned",,"Dynamo Travel Compliance & Tracking","11/16/2017 5:08:28 PM"
"SFE Data Project","ba5af362-6642-4124-99af-b9a346133182","Unified","False","True","Assigned",,"Shore Forces Enterprise Data Project","9/10/2025 1:23:14 PM"
"DynamoCredence","bb573867-5c7d-412e-94b7-3e67dbae8e59","","False","True","Assigned",,"DG for Dynamo and Credence collaboration.","10/18/2023 1:42:25 PM"
"USCG PROGC TSS -0100 Manager","bca31b4e-d4bf-4ba3-b77d-7c9f1a7e3eb3","","True","True","Assigned",,"USCG National Security Cutter (NSC) Project Resident Office Gulf Coast (PROGC) Technical Support Services (TSS)","12/12/2023 5:41:15 PM"
"USCG ALC ACATS -0001 Manager","bca3e24d-5b78-46fe-be9a-87730a42c2fd","","True","True","Assigned",,"USCG Aviation Logistics Center (ALC) Automatic Circuit Analysis Test System Services (ACATS)","12/12/2023 5:37:43 PM"
"AlphaOmega-DMARC","bce9930b-a7ed-4fc3-9385-f1baff2c10f7","","False","True","Assigned",,,"1/27/2025 9:57:21 PM"
"DOT FRA GSS -0002 Manager","bd1802f3-8496-46cc-89af-65ef5ca1909b","","True","True","Assigned",,"DOT FRA GSS -0002 Ebner","12/13/2023 6:17:41 PM"
"USDA SOFA BPA -0019 Manager","be238b2a-6451-4fb6-840c-14cb58a65c55","","True","True","Assigned",,"USDA SOFA BPA -0019 Ahad","12/13/2023 3:20:56 PM"
"USDA FS VIPR -0292 Manager","be7e9e04-c85c-405f-b2cc-0fdd22875fe2","","True","True","Assigned",,"USDA FS VIPR -0292 Hall","12/13/2023 4:33:29 PM"
"Dynamo","be8270a6-e324-4d59-b624-0b77653d3310","Unified","False","True","Assigned",,"Dynamo","12/14/2017 4:23:39 PM"
"GSA MAS -230CA Manager","bf1417a0-2876-44a4-a53d-a4a6df9dd0f5","","True","True","Assigned",,"GSA MAS -230CA Taneja","12/13/2023 6:09:55 PM"
"Holokai - Product Development","bf610df4-6eae-43c3-9dc6-13c449b3d524","Unified","False","True","Assigned",,"Holokai - Product Development","10/3/2025 5:26:25 PM"
"USCG CG-9125 OPC SS -0003 Manager","c0444ac6-5d24-4b2a-b611-a02da7a06754","","True","True","Assigned",,"USCG CG-9125 Offshore Patrol Cutter (OPC) Project Resident Office (PRO) and Resident Inspection Office (RIO)  Support Services (SS)","12/12/2023 5:44:39 PM"
"Tech Initiatives","c0aa3a1a-ea83-4001-a0f2-1bbb406524c8","Unified","False","True","Assigned",,"Tech Initiatives","2/21/2022 1:51:44 PM"
"SG - Microsoft 365 Planner Plan 1","c151e8eb-b3cc-46a9-aba8-50e4ca7fb702","","True","False","Assigned",,"Group for users that require Planner Plan 1.","6/4/2024 5:14:29 PM"
"SG - Merger.Acquisition","c189c2b5-dce2-423a-8bd7-3efff577c8d8","","True","True","Assigned",,"SG - Merger.Acquisition","11/3/2025 3:16:27 PM"
"COP - Data Analytics","c2489afe-a4b4-48fc-8943-7be094b8ee61","Unified","False","True","Assigned",,"This Team is for Big Data, Data warehouse, Analytics, Business Intelligence and reporting.","5/9/2017 11:47:31 AM"
"USSF SpOC SpACES -0006 Manager","c324f677-6ceb-4a46-8026-9f7476091691","","True","True","Assigned",,"""USSF Space Operations Command (SpOC) Accounting and Cost Estimation Services
(SpACES)""","12/12/2023 6:24:38 PM"
"SG - FSO Security Team","c3b31f36-46a3-4707-9b16-a1235cf7fe79","","True","False","Assigned",,"SG - FSO Security Team","10/3/2024 3:12:54 PM"
"SG - Intune USB Allow","c3d6d684-3106-4b5d-a381-19808ef8f2e2","","True","False","Assigned",,"Allow USB write access via Intune","7/11/2024 6:56:13 PM"
"USAF AFCENT ISR -0071 Manager","c44a9117-02f8-4952-ab2d-82956b6babac","","True","True","Assigned",,"USAF AFCENT ISR -0071 Manager","3/13/2025 1:43:59 PM"
"My Plan","c4cf3a16-5be0-4aee-aa88-2dd3ba6c4d74","Unified","False","True","Assigned",,"My Plan","1/25/2023 2:41:01 AM"
"FBI CIRG NVLP ?0335 Manager","c4cf4e32-bf56-4e48-b628-52f877ecdca5","","True","True","Assigned",,"FBI CIRG NVLP ?0335 Manager","7/15/2024 1:16:09 PM"
"Human Capital and Transformation Management COP","c66580d0-eaa2-420e-a961-26fc3c848523","Unified","False","True","Assigned",,"This is the Human Capital and Transformation Management COP where will collaborate and build this Service Delivery Area.","10/23/2017 4:10:52 PM"
"OASIS 8(a) P1 IDIQ -8134 Manager","c8ade8e2-20ad-47bd-b432-88465d68d7ec","","True","True","Assigned",,"OASIS 8(a) P1 IDIQ -8134 Plishker","12/13/2023 5:58:09 PM"
"PMOSE Contractor Positions Tracking","c9b2c49b-c5db-431a-9401-906a348633ea","Unified","False","True","Assigned",,"Contractor Positions Tracking","12/13/2024 2:47:14 PM"
"Department of State--EAP/OIP","c9bfd8a4-6534-4dc9-98fb-d035574e174c","Unified","False","True","Assigned",,"Department of State--EAP","5/4/2017 5:50:15 PM"
"DLA PIEE PMO -0166 Manager","ca52153a-d213-4bb3-8a54-065945724e3f","","True","True","Assigned",,"Defense Logistics Agency (DLA)  Procurement Integrated Enterprise Environment (PIEE) Program Management Office (PMO) Support","12/12/2023 6:01:03 PM"
"FNS Drupal OMSS","cc6e43a8-2321-46f9-a316-fd6af4f71cae","","True","True","Assigned",,"FNS Drupal OMSS","9/5/2024 2:43:43 PM"
"Modern Workplace Devices-Windows Autopatch-Broad","cc70327b-c2c9-4aab-83d7-3df1f4c90f4a","","True","False","Assigned",,"Final ring for broad rollout into an enterprise","12/17/2024 5:55:09 PM"
"Holokai","cc8f05d0-e66a-40fc-be8d-091f9a560d5b","","True","True","Assigned",,"Holokai SharePoint Permissions","10/23/2025 6:41:41 PM"
"Phone Interviews","cce99c76-7d96-4e92-8ce9-cde1e8a24e74","Unified","False","True","Assigned",,"Phone Interviews","4/13/2021 7:55:58 PM"
"Permitting Council","cd833b5b-02a5-4c1c-859a-05e688658a09","Unified","False","True","Assigned",,"Manage tasks, share documents, conduct project meetings and document risks and decisions with this template for general project management.","8/18/2023 6:39:42 PM"
"USCG MPC LREPL -0014 Manager","cdd46fed-8643-4cb7-a991-64ff8ce54203","","True","True","Assigned",,"USCG MPC LREPL -0014 Manager","4/8/2025 1:14:55 PM"
"ABOUT Her","cdf68a28-3761-4b1a-a040-975c08537df2","Unified","False","True","Assigned",,"Dynamo organization focused on women!","1/19/2024 4:30:32 PM"
"USDA FNS WMSS -0067 Manager","cf539a2f-1e11-48af-a982-bb960fd2a8f6","","True","True","Assigned",,"USDA FNS WMSS -0067 Ahad","12/13/2023 5:05:23 PM"
"HR Transitions","d068195c-a034-4a25-91a8-930f1a710042","Unified","False","True","Assigned",,"Team responsible for handling the administrative tasks of team member transitions (onboarding, offboarding, etc.)","5/17/2023 6:57:31 PM"
"Project Management Process Documentation","d21feb8b-d350-4828-8978-0d49db221452","Unified","False","True","Assigned",,"Team page for developing and storing project management and project health-related documents","4/21/2017 2:11:02 PM"
"DHS CBP OPR SS -1262 Manager","d23596d7-eb3c-4317-a9d1-692a9a5ca53f","","True","True","Assigned",,"Department of the Homeland Security (DHS) Customs and Border Protection (CBP) Office of Professional Responsibility (OPR) Security Support (SS)","12/12/2023 5:51:57 PM"
"Dynamo COP Leads","d3abe224-c8e9-4ed3-8f44-e33bda81edc3","Unified","False","True","Assigned",,"Distribution List Containing All Primary and Secondary COP Leads","8/22/2017 7:55:41 PM"
"Administrative Support","d447340e-1903-4daa-b3d7-7bab77edd90b","Unified","False","True","Assigned",,"State Department - Team Dynamo","2/24/2017 8:01:01 PM"
"Project Management","d45c433b-f1b4-4f78-a537-59ca47da000b","Unified","False","True","Assigned",,"Project Management","6/26/2025 3:20:19 PM"
"Tracker Updates","d4ed6f2a-b3aa-4d5f-9bd1-97c647cd8f9d","","False","True","Assigned",,"Tracker Updates","10/12/2023 4:18:49 PM"
"Office Manager Budget","d5531fe1-577a-4475-b09d-42b8f03632cd","Unified","False","True","Assigned",,"Office Manager Budget","1/16/2025 6:44:06 PM"
"CIOSP3","d567dbf4-b159-43db-b1ec-7c6c724c7f01","","False","True","Assigned",,,"1/27/2025 9:58:49 PM"
"USAF AFCENT ISR-0004 Manager","d6235826-87a0-4e07-a0ee-1d7341805100","","True","True","Assigned",,"USAF AFCENT ISR-0004 Manager","1/7/2025 4:29:50 PM"
"DIA SITE III TO -0001 Manager","d6303947-f4c3-4065-83dd-157ed4e6e829","","True","True","Assigned",,"SITE III IDIQ Contract Kick-Off Meeting (satisfies IDIQ minimum guarantee)","12/12/2023 5:55:13 PM"
"SG - jira-security-members","d645b717-f7e1-49fc-be94-98177823ddff","","True","False","Assigned",,,"1/23/2025 6:08:44 PM"
"DnsUpdateProxy","d7656d45-b5f2-40b1-b3a0-9ebb5b5203d4","","True","False","Assigned",,"DNS clients who are permitted to perform dynamic updates on behalf of some other clients (such as DHCP servers).","2/4/2022 9:08:45 PM"
"HHS PSC FCB ASS -0230 Manager","d7d96639-f36a-4b3c-84c4-b40d240675ff","","True","True","Assigned",,"HHS PSC FCB ASS -0230 Manager","3/13/2025 1:42:47 PM"
"Internal Operations","d87b31b4-fa19-4508-ac21-789ac6cf1ebf","Unified","False","True","Assigned",,"Internal Operations","4/10/2017 9:24:03 PM"
"noaa-nmits","d95006db-28ab-476d-bfe8-6b0ee91fd857","","True","True","Assigned",,,"1/27/2025 9:58:50 PM"
"IT Alerts","dac82f83-0243-4326-922e-519149eacebb","","False","True","Assigned",,"Alerts for IT Admins","12/12/2024 4:27:40 PM"
"USDA OCIO STRATUS -0026","dbc963a7-7341-49bd-a8a1-615a3a0f107c","","True","True","Assigned",,"USDA OCIO STRATUS -0026","9/19/2024 6:52:14 PM"
"Dynamo Marketing Plan 2021-2022","dbebbc66-2025-4139-81ec-34691ad38f90","Unified","False","True","Assigned",,"Dynamo Marketing Plan 2021-2022","5/17/2021 3:27:34 PM"
"DHHS PSC FCB ASS -0230 Manager","dc0e798b-6401-4a0e-aa14-beb36f18ac27","","True","True","Assigned",,"HHS Program Support Center (PSC), Financial Control Branch (FCB) Accounting Support Services","12/12/2023 5:36:50 PM"
"DOS OIP CSS -3125 Manager","dc2f1514-9027-41a9-9614-297488bbab40","","True","True","Assigned",,"DOS OIP CSS -3125 Amerson","12/13/2023 6:24:24 PM"
"USCG CG721 PMSS -0001 Manager","dc771f8d-f771-4a4e-900c-3c748934eb30","","True","True","Assigned",,"USCG Office of Specialized Capabilities (CG-721) Program Management Support Services","12/12/2023 5:38:34 PM"
"SG - Project Nova","dd30ac2a-a1c3-41e9-9296-8f7ad9ee653c","","True","True","Assigned",,"SG - Project Nova","6/17/2025 3:31:30 PM"
"Security","de20de7e-16da-4379-a8f8-5d3fc759bb66","Unified","False","True","Assigned",,"Facility Security Team","1/13/2022 4:08:10 PM"
"GSA 8(a) STARS II","df840890-e122-4063-9dda-15bae6b4b80f","Unified","False","True","Assigned",,"Current and Legacy Contract Details","3/7/2018 9:00:06 PM"
"BD Pipeline Test","e00b80d9-09ff-43f3-8e16-30dfe529fa6b","Unified","False","True","Assigned",,"BD Pipeline Test","3/19/2020 5:40:35 PM"
"USAF EPASS 74 Manager","e0b57a33-498d-4fe4-a49a-a03fc62c2f57","","True","True","Assigned",,"USAF EPASS 74 Manager","1/8/2025 4:26:35 PM"
"Dynamo DOD/DHS Portfolio","e0b9a896-6564-4f98-bf4a-199216af2724","Unified","False","True","Assigned",,"Dynamo DOD/DHS Portfolio","9/8/2023 2:32:24 AM"
"Dynamo - USCG PRO Panama City","e0def0cb-2bd5-4f20-a26c-a92f148a9d1e","Unified","False","True","Assigned",,"Our Dynamo PRO Team can message here if any of us has something to address with the Team as a whole. ","12/27/2023 6:23:24 PM"
"SG - jira-hr-members","e13d623a-3a76-49b1-8131-1d2bf83b226b","","True","False","Assigned",,,"1/23/2025 6:03:27 PM"
"EPASS MSR","e16827ef-8077-49af-aded-d045ea690a32","Unified","False","True","Assigned",,"EPASS Monthly MSR Input","11/28/2022 5:17:21 PM"
"VA Sales Tax","e1c2f60b-9b11-463f-903c-45ff74327c1e","Unified","False","True","Assigned",,"VA Sales Tax","5/8/2019 2:54:22 PM"
"USDA NRM ITSS - Dynamo Resources","e334b6fd-3240-43e0-a0aa-fcb887696965","","False","True","Assigned",,,"1/27/2025 9:56:28 PM"
"Women's Empowerment Initatives","e52aac41-8b1e-41af-a1fd-3418b7328d77","Unified","False","True","Assigned",,"Women's Empowerment Initatives","7/6/2018 5:32:09 PM"
"Operations","e66d78ac-b6e8-485d-a859-e8cc74659916","Unified","False","True","Assigned",,"Operations","7/25/2024 12:17:15 AM"
"site3@dynamo.works","e68af64a-fd36-423c-9994-1386f77960e5","","False","True","Assigned",,,"1/27/2025 9:58:50 PM"
"USDA OCIO ISC SOC -0296 Manager","e7822c7b-6567-466a-a4e0-830749e162d5","","True","True","Assigned",,"USDA OCIO ISC SOC -0296 Ebner","12/13/2023 4:09:02 PM"
"General OLC","e7ba2ca5-72a7-4764-b6c5-b13b2c6cebe6","Unified","False","True","Assigned",,"The Office of Legislative Counsel (OLC) provides legal advice to the Secretary of Defense and all Department of Defense (DoD) components on matters concerning legislation, Congressional testimony, and Executive orders; manages the DoD legislative program, which includes developing, coordinating, and submitting annually the largest and most complex piece of Federal legislation-the National Defense Authorization Act; conducts legal and policy reviews of DoD legislative proposals and views reports on legislative proposals that originate outside the Department; and coordinates with the White House Office of Management and Budget for clearance of DoD legislative proposals, views reports, and Congressional testimony.

OLC also provides legal counsel to the Office of the Secretary of Defense, military services, and other Department components regarding how to respond to high priority Congressional investigations. Pursuant to DoD Instruction 5400.04, all components must coordinate responses to Congressional document","5/13/2020 2:50:32 PM"
"Dynamo Tysons Office Group Commercial","e817cf15-99e3-4ae7-bfc1-bd67aa931fa4","Unified","False","True","Assigned",,"For all of the people in the office at Tysons","7/7/2017 1:44:34 PM"
"OGC and OMC","e831ac65-20c1-498e-b4ff-c2f93e85d5ad","Unified","False","True","Assigned",,"OGC and OMC","7/9/2019 12:57:11 PM"
"Candidate Offer Letters","e854b78d-0a43-4d30-a273-c1517d4ba5fb","Unified","False","True","Assigned",,"Offer Letters","3/16/2017 3:07:27 PM"
"Dynamo Managers","e964a045-9318-4ad1-9c5e-4cbddc5f2cdc","Unified","False","True","Assigned",,"This is the Dynamo Managers Distribution Group","9/4/2020 2:45:11 PM"
"Tech Initiative","eac44864-cea4-4dad-9c3f-0463d0982149","Unified","False","True","Assigned",,"Docs for Tech Initiative","3/30/2020 9:06:31 PM"
"IDIQ","eb9fc584-7782-4cf4-82e9-947ece5ac805","","False","True","Assigned",,,"1/27/2025 9:58:50 PM"
"Business & IT Strategic Planning","ebf1fe43-1152-4a08-814c-e2adfbe98937","Unified","False","True","Assigned",,"This team supports the overall Dynamo organization strategic planning activities for business and technical.","4/21/2017 4:47:30 PM"
"Modern Workplace Devices-Virtual Machine","ec191c05-1e91-44cb-8433-48f82928de17","","True","False","Assigned",,"Any MMD Virtual Machine","12/17/2024 5:55:09 PM"
"AD-Azure Information Protection","ec6cb3f1-ae87-47ee-9fef-c7c622d380e2","","True","False","Assigned",,,"2/4/2022 9:08:44 PM"
"Dynamo HQ [Vienna]","ec983c5d-d619-4820-926a-48e9f4f0eb95","","False","True","Assigned",,"Distro list for users in the Tysons, VA region.","1/27/2025 9:56:32 PM"
"Paul's SharePoint for Exercises","ed3b7c42-6aab-4cfa-833e-5d681161bde2","Unified","False","True","Assigned",,"To complete exercises in the Power Platform modules","3/6/2025 9:05:02 PM"
"AD-Azure Information Protection","ef01bebb-1157-4ad2-8624-7d2290c6e09c","","True","False","Assigned",,"ad.dynamotechnologies.com/Users/AD-Azure Information Protection","2/5/2019 6:05:20 PM"
"ADSyncBrowse","ef3116b0-2ffd-433b-89cb-21d0c932563d","","True","False","Assigned",,"ADSyncBrowse","2/4/2022 9:11:24 PM"
"Contracts","ef6b0983-06b8-4546-93ad-50e1b08ca811","","False","True","Assigned",,"Distribution list for Contracts shared mailbox to forward emails to user inboxes.","8/2/2023 2:54:32 PM"
"CFPB-DASS","f0bbf47a-ad98-4a19-8222-2cefe31e293a","","False","True","Assigned",,"CFPB-DASS","10/3/2022 7:25:09 PM"
"MSD Common Program Requirements","f159fa07-0a5c-4426-bf26-434529911ff7","Unified","False","True","Assigned",,"MSD Common Program Requirements","2/21/2024 2:17:23 PM"
"SG - Service Accounts","f3de184e-a181-4e5a-b40f-c9e53fe39fc8","","True","False","Assigned",,"SG - Service Accounts","6/26/2025 1:52:35 PM"
"Contracts Team Initiatives","f4e16103-ba27-48e5-8516-c742c7494100","Unified","False","True","Assigned",,"Contracts Team Initiatives","8/28/2024 10:01:21 PM"
"Army INSCOM PRMSS -0019 Manager","f561b13a-3708-4e49-b0dd-d6e6f1f12b6d","","True","True","Assigned",,"""United States (US) Army Intelligence and Security Command (INSCOM)
Enhanced Program and Resource Management Support""","12/12/2023 6:01:56 PM"
"Compliance","f5e36e85-0c4e-4ec0-8c91-55e174e9ca60","Unified","False","True","Assigned",,"Compliance","4/18/2023 5:03:13 PM"
"USDA FNS NDL -0816 Manager","f636621b-7684-4bc7-86fe-3e2bae8cb716","","True","True","Assigned",,"USDA FNS NDL -0816 Choi","12/13/2023 4:58:52 PM"
"USGS","f713612a-6c55-4664-b0e2-8941829bdb5c","Unified","False","True","Assigned",,"Manage tasks, share documents, conduct project meetings and document risks and decisions with this template for general project management.","10/3/2023 3:57:28 PM"
"USCG CG741 PMSS -0007 Manager","f71fa270-148a-43c7-b35d-817a087473d8","","True","True","Assigned",,"USCG Office of Shore Forces (CG-741) Program Management Support Services","12/12/2023 5:40:23 PM"
"OASIS SB P3 IDIQ -3009 Manager","f7e4f014-5dfe-4f2a-b5ed-cc55cb36d901","","True","True","Assigned",,"OASIS SB P3 IDIQ -3009 Plishker","12/13/2023 5:59:29 PM"
"Dynamo Leadership","f873466f-f840-49f3-98f8-1895c5105e98","Unified","False","True","Assigned",,"Dynamo's Leadership Group","5/26/2016 3:19:32 PM"
"USAF AFSOC CSS -0001 Manager","f97f90ed-8469-4076-b16c-4e37e5356643","","True","True","Assigned",,"United States Air Force (USAF), Air Force Special Operations Command (AFSOC) Courseware Support Services (CSS)","12/12/2023 6:21:28 PM"
"Project Group Owners","f9d82d5a-1309-4808-928d-ebbfcabe271d","","True","True","Assigned",,"Group Owners for Microsoft groups (Projects)","2/6/2025 5:25:06 PM"
"Burris","fa38061c-2692-4521-a6cb-a2026a045c10","Unified","False","True","Assigned",,"Internal Dynamo team site for Burris project.","4/4/2019 7:30:59 PM"
"SG - NOVA","fa9e434e-bc5b-4611-9b48-9d7b276a1500","","True","True","Assigned",,"NOVA","4/22/2025 5:55:00 PM"
"COVID-19 Response Team","fb5fd29f-044e-441c-813d-42429a1e94ff","Unified","False","True","Assigned",,"COVID-19 Response Team","3/31/2020 4:16:09 PM"
"USCG Managers","fc263e32-caf1-4981-a7b7-d0e415f42075","","True","True","Assigned",,"USCG Managers","1/28/2025 7:39:43 PM"
"USDA Managers","fc6ed89b-0114-4b37-825d-4ff680403420","","True","True","Assigned",,"USDA Managers","7/10/2024 7:02:08 PM"
"Recruiting","fcd55dc4-4fe9-4388-9934-079da31f4989","Unified","False","True","Assigned",,"Recruiting","10/31/2022 4:21:18 PM"
"Internal IT","fd1d697c-1f7b-4714-9dcd-ef8733b0465d","Unified","False","True","Assigned",,"This team and content is for managing Dynamo's internal IT capability. This site will contain documentation for IT assets, including licenses, subscriptions, IT application and service portfolio and lab.","8/15/2017 1:27:10 PM"
"Emergency Response Team","fdaa0663-a674-4497-955f-67e9c2ea93c8","Unified","False","True","Assigned",,"Emergency Response Team","3/11/2020 12:42:13 PM"
"USDA ARS NAL DPSS -0153 Manager","fdcc4121-7c78-457e-9937-b9ae2a0be3d4","","True","True","Assigned",,"USDA ARS NAL DPSS -0153 Manager","10/2/2024 6:43:01 PM"
"SG - Intune MAM -Exclude","fe2a28f7-b1b4-4709-a33b-53124faab678","","True","False","Assigned",,"Group for users that need to be excluded from MAM","6/4/2025 6:27:30 PM"
"OASIS 8(a) P2 IDIQ -8206 Manager","ffcc5f28-9045-4a66-a21f-6c1192ea474b","","True","True","Assigned",,"OASIS 8(a) P2 IDIQ -8206 Plishker","12/13/2023 5:56:56 PM"
